id,correctAnswer
102501,A
102502,A
102503,A
102504,A
102505,A
102506,A
102507,A
102508,A
102509,A
102510,A
102511,A
102512,A
102513,A
102514,A
102515,A
102516,A
102517,A
102518,A
102519,A
102520,A
102521,A
102522,A
102523,A
102524,A
102525,A
102526,A
102527,A
102528,A
102529,A
102530,A
102531,A
102532,A
102533,A
102534,A
102535,A
102536,A
102537,A
102538,A
102539,A
102540,A
102541,A
102542,A
102543,A
102544,A
102545,A
102546,A
102547,A
102548,A
102549,A
102550,A
102551,A
102552,A
102553,A
102554,A
102555,A
102556,A
102557,A
102558,A
102559,A
102560,A
102561,A
102562,A
102563,A
102564,A
102565,A
102566,A
102567,A
102568,A
102569,A
102570,A
102571,A
102572,A
102573,A
102574,A
102575,A
102576,A
102577,A
102578,A
102579,A
102580,A
102581,A
102582,A
102583,A
102584,A
102585,A
102586,A
102587,A
102588,A
102589,A
102590,A
102591,A
102592,A
102593,A
102594,A
102595,A
102596,A
102597,A
102598,A
102599,A
102600,A
102601,A
102602,A
102603,A
102604,A
102605,A
102606,A
102607,A
102608,A
102609,A
102610,A
102611,A
102612,A
102613,A
102614,A
102615,A
102616,A
102617,A
102618,A
102619,A
102620,A
102621,A
102622,A
102623,A
102624,A
102625,A
102626,A
102627,A
102628,A
102629,A
102630,A
102631,A
102632,A
102633,A
102634,A
102635,A
102636,A
102637,A
102638,A
102639,A
102640,A
102641,A
102642,A
102643,A
102644,A
102645,A
102646,A
102647,A
102648,A
102649,A
102650,A
102651,A
102652,A
102653,A
102654,A
102655,A
102656,A
102657,A
102658,A
102659,A
102660,A
102661,A
102662,A
102663,A
102664,A
102665,A
102666,A
102667,A
102668,A
102669,A
102670,A
102671,A
102672,A
102673,A
102674,A
102675,A
102676,A
102677,A
102678,A
102679,A
102680,A
102681,A
102682,A
102683,A
102684,A
102685,A
102686,A
102687,A
102688,A
102689,A
102690,A
102691,A
102692,A
102693,A
102694,A
102695,A
102696,A
102697,A
102698,A
102699,A
102700,B
102701,A
102702,A
102703,A
102704,A
102705,A
102706,A
102707,A
102708,A
102709,A
102710,A
102711,A
102712,A
102713,A
102714,A
102715,A
102716,A
102717,A
102718,A
102719,A
102720,A
102721,A
102722,A
102723,A
102724,A
102725,A
102726,A
102727,A
102728,A
102729,A
102730,A
102731,A
102732,A
102733,A
102734,A
102735,A
102736,A
102737,A
102738,A
102739,A
102740,A
102741,A
102742,A
102743,A
102744,A
102745,A
102746,A
102747,A
102748,A
102749,A
102750,A
102751,A
102752,A
102753,A
102754,A
102755,A
102756,A
102757,A
102758,A
102759,A
102760,A
102761,A
102762,A
102763,A
102764,A
102765,A
102766,A
102767,A
102768,A
102769,A
102770,A
102771,A
102772,A
102773,A
102774,A
102775,A
102776,A
102777,A
102778,A
102779,A
102780,A
102781,A
102782,A
102783,A
102784,A
102785,A
102786,A
102787,A
102788,A
102789,A
102790,A
102791,A
102792,A
102793,A
102794,A
102795,A
102796,A
102797,A
102798,A
102799,A
102800,A
102801,A
102802,A
102803,A
102804,A
102805,A
102806,A
102807,A
102808,A
102809,A
102810,A
102811,A
102812,A
102813,A
102814,A
102815,A
102816,A
102817,A
102818,A
102819,A
102820,A
102821,A
102822,A
102823,A
102824,A
102825,A
102826,A
102827,A
102828,A
102829,A
102830,A
102831,A
102832,A
102833,A
102834,A
102835,A
102836,A
102837,A
102838,A
102839,A
102840,A
102841,A
102842,A
102843,A
102844,A
102845,A
102846,A
102847,A
102848,A
102849,A
102850,A
102851,A
102852,A
102853,A
102854,A
102855,A
102856,A
102857,A
102858,A
102859,A
102860,A
102861,A
102862,A
102863,A
102864,A
102865,A
102866,A
102867,A
102868,A
102869,A
102870,A
102871,A
102872,A
102873,A
102874,A
102875,A
102876,A
102877,A
102878,A
102879,A
102880,A
102881,A
102882,A
102883,A
102884,A
102885,A
102886,A
102887,A
102888,A
102889,A
102890,A
102891,A
102892,A
102893,A
102894,A
102895,A
102896,A
102897,A
102898,A
102899,A
102900,A
102901,A
102902,A
102903,A
102904,A
102905,A
102906,A
102907,A
102908,A
102909,A
102910,A
102911,A
102912,A
102913,A
102914,A
102915,A
102916,A
102917,A
102918,A
102919,A
102920,A
102921,A
102922,A
102923,A
102924,A
102925,A
102926,A
102927,A
102928,A
102929,A
102930,A
102931,A
102932,A
102933,A
102934,A
102935,A
102936,A
102937,A
102938,A
102939,A
102940,A
102941,A
102942,A
102943,A
102944,A
102945,A
102946,A
102947,A
102948,A
102949,A
102950,A
102951,A
102952,A
102953,A
102954,A
102955,A
102956,A
102957,A
102958,A
102959,A
102960,A
102961,A
102962,A
102963,A
102964,A
102965,A
102966,A
102967,A
102968,A
102969,A
102970,A
102971,A
102972,A
102973,A
102974,A
102975,A
102976,A
102977,A
102978,A
102979,A
102980,A
102981,A
102982,A
102983,A
102984,A
102985,A
102986,A
102987,A
102988,A
102989,A
102990,A
102991,A
102992,A
102993,A
102994,A
102995,A
102996,A
102997,A
102998,A
102999,A
103000,A
103001,A
103002,A
103003,A
103004,A
103005,A
103006,A
103007,A
103008,A
103009,A
103010,A
103011,A
103012,A
103013,A
103014,A
103015,A
103016,A
103017,A
103018,A
103019,A
103020,A
103021,A
103022,A
103023,A
103024,A
103025,A
103026,A
103027,A
103028,A
103029,A
103030,A
103031,A
103032,A
103033,A
103034,A
103035,A
103036,A
103037,A
103038,A
103039,A
103040,A
103041,A
103042,A
103043,A
103044,A
103045,A
103046,A
103047,A
103048,A
103049,A
103050,A
103051,A
103052,A
103053,A
103054,A
103055,A
103056,A
103057,A
103058,A
103059,A
103060,A
103061,A
103062,A
103063,A
103064,A
103065,A
103066,A
103067,A
103068,A
103069,A
103070,A
103071,A
103072,A
103073,A
103074,A
103075,A
103076,A
103077,A
103078,A
103079,A
103080,A
103081,A
103082,A
103083,A
103084,A
103085,A
103086,A
103087,A
103088,A
103089,A
103090,A
103091,A
103092,A
103093,A
103094,A
103095,A
103096,A
103097,A
103098,A
103099,A
103100,A
103101,A
103102,A
103103,A
103104,A
103105,A
103106,A
103107,A
103108,A
103109,A
103110,A
103111,A
103112,A
103113,A
103114,A
103115,A
103116,A
103117,A
103118,A
103119,A
103120,A
103121,A
103122,A
103123,A
103124,A
103125,A
103126,A
103127,A
103128,A
103129,A
103130,A
103131,A
103132,A
103133,A
103134,A
103135,A
103136,A
103137,A
103138,A
103139,A
103140,A
103141,A
103142,A
103143,A
103144,A
103145,A
103146,A
103147,A
103148,A
103149,A
103150,A
103151,A
103152,A
103153,A
103154,A
103155,A
103156,A
103157,A
103158,A
103159,A
103160,A
103161,A
103162,A
103163,A
103164,A
103165,A
103166,A
103167,A
103168,A
103169,A
103170,A
103171,A
103172,A
103173,A
103174,A
103175,A
103176,A
103177,A
103178,A
103179,A
103180,A
103181,A
103182,A
103183,A
103184,A
103185,A
103186,A
103187,A
103188,A
103189,A
103190,A
103191,A
103192,A
103193,A
103194,A
103195,A
103196,A
103197,A
103198,A
103199,A
103200,A
103201,A
103202,A
103203,A
103204,A
103205,A
103206,A
103207,A
103208,A
103209,A
103210,A
103211,A
103212,A
103213,A
103214,A
103215,A
103216,A
103217,A
103218,A
103219,A
103220,A
103221,A
103222,A
103223,A
103224,A
103225,A
103226,A
103227,A
103228,A
103229,A
103230,A
103231,A
103232,A
103233,A
103234,A
103235,A
103236,A
103237,A
103238,A
103239,A
103240,A
103241,A
103242,A
103243,A
103244,A
103245,A
103246,A
103247,A
103248,A
103249,A
103250,A
103251,A
103252,A
103253,A
103254,A
103255,A
103256,A
103257,A
103258,A
103259,A
103260,A
103261,A
103262,A
103263,A
103264,A
103265,A
103266,A
103267,A
103268,A
103269,A
103270,A
103271,A
103272,A
103273,A
103274,A
103275,A
103276,A
103277,A
103278,A
103279,A
103280,A
103281,A
103282,A
103283,A
103284,A
103285,A
103286,A
103287,A
103288,A
103289,A
103290,A
103291,A
103292,A
103293,A
103294,A
103295,A
103296,A
103297,A
103298,A
103299,A
103300,A
103301,A
103302,A
103303,A
103304,A
103305,A
103306,A
103307,A
103308,A
103309,A
103310,A
103311,A
103312,A
103313,A
103314,A
103315,A
103316,A
103317,A
103318,A
103319,A
103320,A
103321,A
103322,A
103323,A
103324,A
103325,A
103326,A
103327,A
103328,A
103329,A
103330,A
103331,A
103332,A
103333,A
103334,A
103335,A
103336,A
103337,A
103338,A
103339,A
103340,A
103341,A
103342,A
103343,A
103344,A
103345,A
103346,A
103347,A
103348,A
103349,A
103350,A
103351,A
103352,A
103353,A
103354,A
103355,A
103356,A
103357,A
103358,A
103359,A
103360,A
103361,A
103362,A
103363,A
103364,A
103365,A
103366,A
103367,A
103368,A
103369,A
103370,A
103371,A
103372,A
103373,A
103374,A
103375,A
103376,A
103377,A
103378,A
103379,A
103380,A
103381,A
103382,A
103383,A
103384,A
103385,A
103386,A
103387,A
103388,A
103389,A
103390,A
103391,A
103392,A
103393,A
103394,A
103395,A
103396,A
103397,A
103398,A
103399,A
103400,A
103401,A
103402,A
103403,A
103404,A
103405,A
103406,A
103407,A
103408,A
103409,A
103410,A
103411,A
103412,A
103413,A
103414,A
103415,A
103416,A
103417,A
103418,A
103419,A
103420,A
103421,A
103422,A
103423,A
103424,A
103425,A
103426,A
103427,A
103428,A
103429,A
103430,A
103431,A
103432,A
103433,A
103434,A
103435,A
103436,A
103437,A
103438,A
103439,A
103440,A
103441,A
103442,A
103443,A
103444,A
103445,A
103446,A
103447,A
103448,A
103449,A
103450,A
103451,A
103452,A
103453,A
103454,A
103455,A
103456,A
103457,A
103458,A
103459,A
103460,A
103461,A
103462,A
103463,A
103464,A
103465,A
103466,A
103467,A
103468,A
103469,A
103470,A
103471,A
103472,A
103473,A
103474,A
103475,A
103476,A
103477,A
103478,A
103479,A
103480,A
103481,A
103482,A
103483,A
103484,A
103485,A
103486,A
103487,A
103488,A
103489,A
103490,A
103491,A
103492,A
103493,A
103494,A
103495,A
103496,A
103497,A
103498,A
103499,A
103500,A
103501,A
103502,A
103503,A
103504,A
103505,A
103506,A
103507,A
103508,A
103509,A
103510,A
103511,A
103512,A
103513,A
103514,A
103515,A
103516,A
103517,A
103518,A
103519,A
103520,A
103521,A
103522,A
103523,A
103524,A
103525,A
103526,A
103527,A
103528,A
103529,A
103530,A
103531,A
103532,A
103533,A
103534,A
103535,A
103536,A
103537,A
103538,A
103539,A
103540,A
103541,A
103542,A
103543,A
103544,A
103545,A
103546,A
103547,A
103548,A
103549,A
103550,A
103551,A
103552,A
103553,A
103554,A
103555,A
103556,A
103557,A
103558,A
103559,A
103560,A
103561,A
103562,A
103563,A
103564,A
103565,A
103566,A
103567,A
103568,A
103569,A
103570,A
103571,A
103572,A
103573,A
103574,A
103575,A
103576,A
103577,A
103578,A
103579,A
103580,A
103581,A
103582,A
103583,A
103584,A
103585,A
103586,A
103587,A
103588,A
103589,A
103590,A
103591,A
103592,A
103593,A
103594,A
103595,A
103596,A
103597,A
103598,A
103599,A
103600,A
103601,A
103602,A
103603,A
103604,A
103605,A
103606,A
103607,A
103608,A
103609,A
103610,A
103611,A
103612,A
103613,A
103614,A
103615,A
103616,A
103617,A
103618,A
103619,A
103620,A
103621,A
103622,A
103623,A
103624,A
103625,A
103626,A
103627,A
103628,A
103629,A
103630,A
103631,A
103632,A
103633,A
103634,A
103635,A
103636,A
103637,A
103638,A
103639,A
103640,A
103641,A
103642,A
103643,A
103644,A
103645,A
103646,A
103647,A
103648,A
103649,A
103650,A
103651,A
103652,A
103653,A
103654,A
103655,A
103656,A
103657,A
103658,A
103659,A
103660,A
103661,A
103662,A
103663,A
103664,A
103665,A
103666,A
103667,A
103668,A
103669,A
103670,A
103671,A
103672,A
103673,A
103674,A
103675,A
103676,A
103677,A
103678,A
103679,A
103680,A
103681,A
103682,A
103683,A
103684,A
103685,A
103686,A
103687,A
103688,A
103689,A
103690,A
103691,A
103692,A
103693,A
103694,A
103695,A
103696,A
103697,A
103698,A
103699,A
103700,A
103701,A
103702,A
103703,A
103704,A
103705,A
103706,A
103707,A
103708,A
103709,A
103710,A
103711,A
103712,A
103713,A
103714,A
103715,A
103716,A
103717,A
103718,A
103719,A
103720,A
103721,A
103722,A
103723,A
103724,A
103725,A
103726,A
103727,A
103728,A
103729,A
103730,A
103731,A
103732,A
103733,A
103734,A
103735,A
103736,A
103737,A
103738,A
103739,A
103740,A
103741,A
103742,A
103743,A
103744,A
103745,A
103746,A
103747,A
103748,A
103749,A
103750,A
103751,A
103752,A
103753,A
103754,A
103755,A
103756,A
103757,A
103758,A
103759,A
103760,A
103761,A
103762,A
103763,A
103764,A
103765,A
103766,A
103767,A
103768,A
103769,A
103770,A
103771,A
103772,A
103773,A
103774,A
103775,A
103776,A
103777,A
103778,A
103779,A
103780,A
103781,A
103782,A
103783,A
103784,A
103785,A
103786,A
103787,A
103788,A
103789,A
103790,A
103791,A
103792,A
103793,A
103794,A
103795,A
103796,A
103797,A
103798,A
103799,A
103800,A
103801,A
103802,A
103803,A
103804,A
103805,A
103806,A
103807,A
103808,A
103809,A
103810,A
103811,A
103812,A
103813,A
103814,A
103815,A
103816,A
103817,A
103818,A
103819,A
103820,A
103821,A
103822,A
103823,A
103824,A
103825,A
103826,A
103827,A
103828,A
103829,A
103830,A
103831,A
103832,A
103833,A
103834,A
103835,A
103836,A
103837,A
103838,A
103839,A
103840,A
103841,A
103842,A
103843,A
103844,A
103845,A
103846,A
103847,A
103848,A
103849,A
103850,A
103851,A
103852,A
103853,A
103854,A
103855,A
103856,A
103857,A
103858,A
103859,A
103860,A
103861,A
103862,A
103863,A
103864,A
103865,A
103866,A
103867,A
103868,A
103869,A
103870,A
103871,A
103872,A
103873,A
103874,A
103875,A
103876,A
103877,A
103878,A
103879,A
103880,A
103881,A
103882,A
103883,A
103884,A
103885,A
103886,A
103887,A
103888,A
103889,A
103890,A
103891,A
103892,A
103893,A
103894,A
103895,A
103896,A
103897,A
103898,A
103899,A
103900,A
103901,A
103902,A
103903,A
103904,A
103905,A
103906,A
103907,A
103908,A
103909,A
103910,A
103911,A
103912,A
103913,A
103914,A
103915,A
103916,A
103917,A
103918,A
103919,A
103920,A
103921,A
103922,A
103923,A
103924,A
103925,A
103926,A
103927,A
103928,A
103929,A
103930,A
103931,A
103932,A
103933,A
103934,A
103935,A
103936,A
103937,A
103938,A
103939,A
103940,A
103941,A
103942,A
103943,A
103944,A
103945,A
103946,A
103947,A
103948,A
103949,A
103950,A
103951,A
103952,A
103953,A
103954,A
103955,A
103956,A
103957,A
103958,A
103959,A
103960,A
103961,A
103962,A
103963,A
103964,A
103965,A
103966,A
103967,A
103968,A
103969,A
103970,A
103971,A
103972,A
103973,A
103974,A
103975,A
103976,A
103977,A
103978,A
103979,A
103980,A
103981,A
103982,A
103983,A
103984,A
103985,A
103986,A
103987,A
103988,A
103989,A
103990,A
103991,A
103992,A
103993,A
103994,A
103995,A
103996,A
103997,A
103998,A
103999,A
104000,A
104001,A
104002,A
104003,A
104004,A
104005,A
104006,A
104007,A
104008,A
104009,A
104010,A
104011,A
104012,A
104013,A
104014,A
104015,A
104016,A
104017,A
104018,A
104019,A
104020,A
104021,A
104022,A
104023,A
104024,D
104025,A
104026,A
104027,A
104028,A
104029,A
104030,A
104031,A
104032,A
104033,A
104034,A
104035,A
104036,A
104037,A
104038,A
104039,A
104040,A
104041,A
104042,A
104043,A
104044,A
104045,A
104046,A
104047,A
104048,A
104049,A
104050,A
104051,A
104052,A
104053,A
104054,A
104055,A
104056,A
104057,A
104058,A
104059,A
104060,A
104061,A
104062,A
104063,A
104064,A
104065,A
104066,A
104067,A
104068,A
104069,A
104070,A
104071,A
104072,A
104073,A
104074,A
104075,A
104076,A
104077,A
104078,A
104079,A
104080,A
104081,A
104082,A
104083,A
104084,A
104085,A
104086,A
104087,A
104088,A
104089,A
104090,A
104091,A
104092,A
104093,A
104094,A
104095,A
104096,A
104097,A
104098,A
104099,A
104100,A
104101,A
104102,A
104103,A
104104,A
104105,A
104106,A
104107,A
104108,A
104109,A
104110,A
104111,A
104112,A
104113,A
104114,A
104115,A
104116,A
104117,A
104118,A
104119,A
104120,A
104121,A
104122,A
104123,A
104124,A
104125,A
104126,A
104127,A
104128,A
104129,A
104130,A
104131,A
104132,A
104133,A
104134,A
104135,A
104136,A
104137,A
104138,A
104139,A
104140,A
104141,A
104142,A
104143,A
104144,A
104145,A
104146,A
104147,A
104148,A
104149,A
104150,A
104151,A
104152,A
104153,A
104154,A
104155,A
104156,A
104157,A
104158,A
104159,A
104160,A
104161,A
104162,A
104163,A
104164,A
104165,A
104166,A
104167,A
104168,A
104169,A
104170,A
104171,A
104172,A
104173,A
104174,A
104175,A
104176,A
104177,A
104178,A
104179,A
104180,A
104181,A
104182,A
104183,A
104184,A
104185,A
104186,A
104187,A
104188,A
104189,A
104190,A
104191,A
104192,A
104193,A
104194,A
104195,A
104196,A
104197,A
104198,A
104199,A
104200,A
104201,A
104202,A
104203,A
104204,A
104205,A
104206,A
104207,A
104208,A
104209,A
104210,A
104211,A
104212,A
104213,A
104214,A
104215,A
104216,A
104217,A
104218,A
104219,A
104220,A
104221,A
104222,A
104223,A
104224,A
104225,A
104226,A
104227,A
104228,A
104229,A
104230,A
104231,A
104232,A
104233,A
104234,A
104235,A
104236,A
104237,A
104238,A
104239,A
104240,A
104241,A
104242,A
104243,A
104244,A
104245,A
104246,A
104247,A
104248,A
104249,A
104250,A
104251,A
104252,A
104253,A
104254,A
104255,A
104256,A
104257,A
104258,A
104259,A
104260,A
104261,A
104262,A
104263,A
104264,A
104265,A
104266,A
104267,A
104268,A
104269,A
104270,A
104271,A
104272,A
104273,A
104274,A
104275,A
104276,A
104277,A
104278,A
104279,A
104280,A
104281,A
104282,A
104283,A
104284,A
104285,A
104286,A
104287,A
104288,A
104289,A
104290,A
104291,A
104292,A
104293,A
104294,A
104295,A
104296,A
104297,A
104298,A
104299,A
104300,A
104301,A
104302,A
104303,A
104304,A
104305,A
104306,A
104307,A
104308,A
104309,A
104310,A
104311,A
104312,A
104313,A
104314,A
104315,A
104316,A
104317,A
104318,A
104319,A
104320,A
104321,A
104322,A
104323,A
104324,A
104325,A
104326,A
104327,A
104328,A
104329,A
104330,A
104331,A
104332,A
104333,A
104334,A
104335,A
104336,A
104337,A
104338,A
104339,A
104340,A
104341,A
104342,A
104343,A
104344,A
104345,A
104346,A
104347,A
104348,A
104349,A
104350,A
104351,A
104352,A
104353,A
104354,A
104355,A
104356,A
104357,A
104358,A
104359,A
104360,A
104361,A
104362,A
104363,A
104364,A
104365,A
104366,A
104367,A
104368,A
104369,A
104370,A
104371,A
104372,A
104373,A
104374,A
104375,A
104376,A
104377,A
104378,A
104379,A
104380,A
104381,A
104382,A
104383,A
104384,A
104385,A
104386,A
104387,A
104388,A
104389,A
104390,A
104391,A
104392,A
104393,A
104394,A
104395,A
104396,A
104397,A
104398,A
104399,A
104400,A
104401,A
104402,A
104403,A
104404,A
104405,A
104406,A
104407,A
104408,A
104409,A
104410,A
104411,A
104412,A
104413,A
104414,A
104415,A
104416,A
104417,A
104418,A
104419,A
104420,A
104421,A
104422,A
104423,A
104424,A
104425,A
104426,A
104427,A
104428,A
104429,A
104430,A
104431,A
104432,A
104433,A
104434,A
104435,A
104436,A
104437,A
104438,A
104439,A
104440,A
104441,A
104442,A
104443,A
104444,A
104445,A
104446,A
104447,A
104448,A
104449,A
104450,A
104451,A
104452,A
104453,A
104454,A
104455,A
104456,A
104457,A
104458,A
104459,A
104460,A
104461,A
104462,A
104463,A
104464,A
104465,A
104466,A
104467,A
104468,A
104469,A
104470,A
104471,A
104472,A
104473,A
104474,A
104475,A
104476,A
104477,A
104478,A
104479,A
104480,A
104481,A
104482,A
104483,A
104484,A
104485,A
104486,A
104487,A
104488,A
104489,A
104490,A
104491,A
104492,A
104493,A
104494,A
104495,A
104496,A
104497,A
104498,A
104499,A
104500,A
104501,A
104502,A
104503,A
104504,A
104505,A
104506,A
104507,A
104508,A
104509,A
104510,A
104511,A
104512,A
104513,A
104514,A
104515,A
104516,A
104517,A
104518,A
104519,A
104520,A
104521,A
104522,A
104523,A
104524,A
104525,A
104526,A
104527,A
104528,A
104529,A
104530,A
104531,A
104532,A
104533,A
104534,A
104535,A
104536,A
104537,A
104538,A
104539,A
104540,A
104541,A
104542,A
104543,A
104544,A
104545,A
104546,A
104547,A
104548,A
104549,A
104550,A
104551,A
104552,A
104553,A
104554,A
104555,A
104556,A
104557,A
104558,A
104559,A
104560,A
104561,A
104562,A
104563,A
104564,A
104565,A
104566,A
104567,A
104568,A
104569,A
104570,A
104571,A
104572,A
104573,A
104574,A
104575,A
104576,A
104577,A
104578,A
104579,A
104580,A
104581,A
104582,A
104583,A
104584,A
104585,A
104586,A
104587,A
104588,A
104589,A
104590,A
104591,A
104592,A
104593,A
104594,A
104595,A
104596,A
104597,A
104598,A
104599,A
104600,A
104601,A
104602,A
104603,A
104604,A
104605,A
104606,A
104607,A
104608,A
104609,A
104610,A
104611,A
104612,A
104613,A
104614,A
104615,A
104616,A
104617,A
104618,A
104619,A
104620,A
104621,A
104622,A
104623,A
104624,A
104625,A
104626,A
104627,A
104628,A
104629,A
104630,A
104631,A
104632,A
104633,A
104634,A
104635,A
104636,A
104637,A
104638,A
104639,A
104640,A
104641,A
104642,A
104643,A
104644,A
104645,A
104646,A
104647,A
104648,A
104649,A
104650,A
104651,A
104652,A
104653,A
104654,A
104655,A
104656,A
104657,A
104658,A
104659,A
104660,A
104661,A
104662,A
104663,A
104664,A
104665,A
104666,A
104667,A
104668,A
104669,A
104670,A
104671,A
104672,A
104673,A
104674,A
104675,A
104676,A
104677,A
104678,A
104679,A
104680,A
104681,A
104682,A
104683,A
104684,A
104685,A
104686,A
104687,A
104688,A
104689,A
104690,A
104691,A
104692,A
104693,A
104694,A
104695,A
104696,A
104697,A
104698,A
104699,A
104700,A
104701,A
104702,A
104703,A
104704,A
104705,A
104706,A
104707,A
104708,A
104709,A
104710,A
104711,A
104712,A
104713,A
104714,A
104715,A
104716,A
104717,A
104718,A
104719,A
104720,A
104721,A
104722,A
104723,A
104724,A
104725,A
104726,A
104727,A
104728,A
104729,A
104730,A
104731,A
104732,A
104733,A
104734,A
104735,A
104736,A
104737,A
104738,A
104739,A
104740,A
104741,A
104742,A
104743,A
104744,A
104745,A
104746,A
104747,A
104748,A
104749,A
104750,A
104751,A
104752,A
104753,A
104754,A
104755,A
104756,A
104757,A
104758,A
104759,A
104760,A
104761,A
104762,A
104763,A
104764,A
104765,A
104766,A
104767,A
104768,A
104769,A
104770,A
104771,A
104772,A
104773,A
104774,A
104775,A
104776,A
104777,A
104778,A
104779,A
104780,A
104781,A
104782,A
104783,A
104784,A
104785,A
104786,A
104787,A
104788,A
104789,A
104790,A
104791,A
104792,A
104793,A
104794,A
104795,A
104796,A
104797,A
104798,A
104799,A
104800,A
104801,A
104802,A
104803,A
104804,A
104805,A
104806,A
104807,A
104808,A
104809,A
104810,A
104811,A
104812,A
104813,A
104814,A
104815,A
104816,A
104817,A
104818,A
104819,A
104820,A
104821,A
104822,A
104823,A
104824,A
104825,A
104826,A
104827,A
104828,A
104829,A
104830,A
104831,A
104832,A
104833,A
104834,A
104835,A
104836,A
104837,A
104838,A
104839,A
104840,A
104841,A
104842,A
104843,A
104844,A
104845,A
104846,A
104847,A
104848,A
104849,A
104850,A
104851,A
104852,A
104853,A
104854,A
104855,A
104856,A
104857,A
104858,A
104859,A
104860,A
104861,A
104862,A
104863,A
104864,A
104865,A
104866,A
104867,A
104868,A
104869,A
104870,A
104871,A
104872,A
104873,A
104874,A
104875,A
104876,A
104877,A
104878,A
104879,A
104880,A
104881,A
104882,A
104883,A
104884,A
104885,A
104886,A
104887,A
104888,A
104889,A
104890,A
104891,A
104892,A
104893,A
104894,A
104895,A
104896,A
104897,A
104898,A
104899,A
104900,A
104901,A
104902,A
104903,A
104904,A
104905,A
104906,A
104907,A
104908,A
104909,A
104910,A
104911,A
104912,A
104913,A
104914,A
104915,A
104916,A
104917,A
104918,A
104919,A
104920,A
104921,A
104922,A
104923,A
104924,A
104925,A
104926,A
104927,A
104928,A
104929,A
104930,A
104931,A
104932,A
104933,A
104934,A
104935,A
104936,A
104937,A
104938,A
104939,A
104940,A
104941,A
104942,A
104943,A
104944,A
104945,A
104946,A
104947,A
104948,A
104949,A
104950,A
104951,A
104952,A
104953,A
104954,A
104955,A
104956,A
104957,A
104958,A
104959,A
104960,A
104961,A
104962,A
104963,A
104964,A
104965,A
104966,A
104967,A
104968,A
104969,A
104970,A
104971,A
104972,A
104973,A
104974,A
104975,A
104976,A
104977,A
104978,A
104979,A
104980,A
104981,A
104982,A
104983,A
104984,A
104985,A
104986,A
104987,A
104988,A
104989,A
104990,A
104991,A
104992,A
104993,A
104994,A
104995,A
104996,A
104997,A
104998,A
104999,A
105000,A
105001,A
105002,A
105003,A
105004,A
105005,A
105006,A
105007,A
105008,A
105009,A
105010,A
105011,A
105012,A
105013,A
105014,A
105015,A
105016,A
105017,A
105018,A
105019,A
105020,A
105021,A
105022,A
105023,A
105024,A
105025,A
105026,A
105027,A
105028,A
105029,A
105030,A
105031,A
105032,A
105033,A
105034,A
105035,A
105036,A
105037,A
105038,A
105039,A
105040,A
105041,A
105042,A
105043,A
105044,A
105045,A
105046,A
105047,A
105048,A
105049,A
105050,A
105051,A
105052,A
105053,A
105054,A
105055,A
105056,A
105057,A
105058,A
105059,A
105060,A
105061,A
105062,A
105063,A
105064,A
105065,A
105066,A
105067,A
105068,A
105069,A
105070,A
105071,A
105072,A
105073,A
105074,A
105075,A
105076,A
105077,A
105078,A
105079,A
105080,A
105081,A
105082,A
105083,A
105084,A
105085,A
105086,A
105087,A
105088,A
105089,A
105090,A
105091,A
105092,A
105093,A
105094,A
105095,A
105096,A
105097,A
105098,A
105099,A
105100,A
105101,A
105102,A
105103,A
105104,A
105105,A
105106,A
105107,A
105108,A
105109,A
105110,A
105111,A
105112,A
105113,A
105114,A
105115,A
105116,A
105117,A
105118,A
105119,A
105120,A
105121,A
105122,A
105123,A
105124,A
105125,A
105126,A
105127,A
105128,A
105129,A
105130,A
105131,A
105132,A
105133,A
105134,A
105135,A
105136,A
105137,A
105138,A
105139,A
105140,A
105141,A
105142,A
105143,A
105144,A
105145,A
105146,A
105147,A
105148,A
105149,A
105150,A
105151,A
105152,A
105153,A
105154,A
105155,A
105156,A
105157,A
105158,A
105159,A
105160,A
105161,A
105162,A
105163,A
105164,A
105165,A
105166,A
105167,A
105168,A
105169,A
105170,A
105171,A
105172,A
105173,A
105174,A
105175,A
105176,A
105177,A
105178,A
105179,A
105180,A
105181,A
105182,A
105183,A
105184,A
105185,A
105186,A
105187,A
105188,A
105189,A
105190,A
105191,A
105192,A
105193,A
105194,A
105195,A
105196,A
105197,A
105198,A
105199,A
105200,A
105201,A
105202,A
105203,A
105204,A
105205,A
105206,A
105207,A
105208,A
105209,A
105210,A
105211,A
105212,A
105213,A
105214,A
105215,A
105216,A
105217,A
105218,A
105219,A
105220,A
105221,A
105222,A
105223,A
105224,A
105225,A
105226,A
105227,A
105228,A
105229,A
105230,A
105231,A
105232,A
105233,A
105234,A
105235,A
105236,A
105237,A
105238,A
105239,A
105240,A
105241,A
105242,A
105243,A
105244,A
105245,A
105246,A
105247,A
105248,A
105249,A
105250,A
105251,A
105252,A
105253,A
105254,A
105255,A
105256,A
105257,A
105258,A
105259,A
105260,A
105261,A
105262,A
105263,A
105264,A
105265,A
105266,A
105267,A
105268,A
105269,A
105270,A
105271,A
105272,A
105273,A
105274,A
105275,A
105276,A
105277,A
105278,A
105279,A
105280,A
105281,A
105282,A
105283,A
105284,A
105285,A
105286,A
105287,A
105288,A
105289,A
105290,A
105291,A
105292,A
105293,A
105294,A
105295,A
105296,A
105297,A
105298,A
105299,A
105300,A
105301,A
105302,A
105303,A
105304,A
105305,A
105306,A
105307,A
105308,A
105309,A
105310,A
105311,A
105312,A
105313,A
105314,A
105315,A
105316,A
105317,A
105318,A
105319,A
105320,A
105321,A
105322,A
105323,A
105324,A
105325,A
105326,A
105327,A
105328,A
105329,A
105330,A
105331,A
105332,A
105333,A
105334,A
105335,A
105336,A
105337,A
105338,A
105339,A
105340,A
105341,A
105342,A
105343,A
105344,A
105345,A
105346,A
105347,A
105348,A
105349,A
105350,A
105351,A
105352,A
105353,A
105354,A
105355,A
105356,A
105357,A
105358,A
105359,A
105360,A
105361,A
105362,A
105363,A
105364,A
105365,A
105366,A
105367,A
105368,A
105369,A
105370,A
105371,A
105372,A
105373,A
105374,A
105375,A
105376,A
105377,A
105378,A
105379,A
105380,A
105381,A
105382,A
105383,A
105384,A
105385,A
105386,A
105387,A
105388,A
105389,A
105390,A
105391,A
105392,A
105393,A
105394,A
105395,A
105396,A
105397,A
105398,A
105399,A
105400,A
105401,A
105402,A
105403,A
105404,A
105405,A
105406,A
105407,A
105408,A
105409,A
105410,A
105411,A
105412,A
105413,A
105414,A
105415,A
105416,A
105417,A
105418,A
105419,A
105420,A
105421,A
105422,A
105423,A
105424,A
105425,A
105426,A
105427,A
105428,A
105429,A
105430,A
105431,A
105432,A
105433,A
105434,A
105435,A
105436,A
105437,A
105438,A
105439,A
105440,A
105441,A
105442,A
105443,A
105444,A
105445,A
105446,A
105447,A
105448,A
105449,A
105450,A
105451,A
105452,A
105453,A
105454,A
105455,A
105456,A
105457,A
105458,A
105459,A
105460,A
105461,A
105462,A
105463,A
105464,A
105465,A
105466,A
105467,A
105468,A
105469,A
105470,A
105471,A
105472,A
105473,A
105474,A
105475,A
105476,A
105477,A
105478,A
105479,A
105480,A
105481,A
105482,A
105483,A
105484,A
105485,A
105486,A
105487,A
105488,A
105489,A
105490,A
105491,A
105492,A
105493,A
105494,A
105495,A
105496,A
105497,A
105498,A
105499,A
105500,A
105501,A
105502,A
105503,A
105504,A
105505,A
105506,A
105507,A
105508,A
105509,A
105510,A
105511,A
105512,A
105513,A
105514,A
105515,A
105516,A
105517,A
105518,A
105519,A
105520,A
105521,A
105522,A
105523,A
105524,A
105525,A
105526,A
105527,A
105528,A
105529,A
105530,A
105531,A
105532,A
105533,A
105534,A
105535,A
105536,A
105537,A
105538,A
105539,A
105540,A
105541,A
105542,A
105543,A
105544,A
105545,A
105546,A
105547,A
105548,A
105549,A
105550,A
105551,A
105552,A
105553,A
105554,A
105555,A
105556,A
105557,A
105558,A
105559,A
105560,A
105561,A
105562,A
105563,A
105564,A
105565,A
105566,A
105567,A
105568,A
105569,A
105570,A
105571,A
105572,A
105573,A
105574,A
105575,A
105576,A
105577,A
105578,A
105579,A
105580,A
105581,A
105582,A
105583,A
105584,A
105585,A
105586,A
105587,A
105588,A
105589,A
105590,A
105591,A
105592,A
105593,A
105594,A
105595,A
105596,A
105597,A
105598,A
105599,A
105600,A
105601,A
105602,A
105603,A
105604,A
105605,A
105606,A
105607,A
105608,A
105609,A
105610,A
105611,A
105612,A
105613,A
105614,A
105615,A
105616,A
105617,A
105618,A
105619,A
105620,A
105621,A
105622,A
105623,A
105624,A
105625,A
105626,A
105627,A
105628,A
105629,A
105630,A
105631,A
105632,A
105633,A
105634,A
105635,A
105636,A
105637,A
105638,A
105639,A
105640,A
105641,A
105642,A
105643,A
105644,A
105645,A
105646,A
105647,A
105648,A
105649,A
105650,A
105651,A
105652,A
105653,A
105654,A
105655,A
105656,A
105657,A
105658,A
105659,A
105660,A
105661,A
105662,A
105663,A
105664,A
105665,A
105666,A
105667,A
105668,A
105669,A
105670,A
105671,A
105672,A
105673,A
105674,A
105675,A
105676,A
105677,A
105678,A
105679,A
105680,A
105681,A
105682,A
105683,A
105684,A
105685,A
105686,A
105687,A
105688,A
105689,A
105690,A
105691,A
105692,A
105693,A
105694,A
105695,A
105696,A
105697,A
105698,A
105699,A
105700,A
105701,A
105702,A
105703,A
105704,A
105705,A
105706,A
105707,A
105708,A
105709,A
105710,A
105711,A
105712,A
105713,A
105714,A
105715,A
105716,A
105717,A
105718,A
105719,A
105720,A
105721,A
105722,A
105723,A
105724,A
105725,A
105726,A
105727,A
105728,A
105729,A
105730,A
105731,A
105732,A
105733,A
105734,A
105735,A
105736,A
105737,A
105738,A
105739,A
105740,A
105741,A
105742,A
105743,A
105744,A
105745,A
105746,A
105747,A
105748,A
105749,A
105750,A
105751,A
105752,A
105753,A
105754,A
105755,A
105756,A
105757,A
105758,A
105759,A
105760,A
105761,A
105762,A
105763,A
105764,A
105765,A
105766,A
105767,A
105768,A
105769,A
105770,A
105771,A
105772,A
105773,A
105774,A
105775,A
105776,A
105777,A
105778,A
105779,A
105780,A
105781,A
105782,A
105783,A
105784,A
105785,A
105786,A
105787,A
105788,A
105789,A
105790,A
105791,A
105792,A
105793,A
105794,A
105795,A
105796,A
105797,A
105798,A
105799,A
105800,A
105801,A
105802,A
105803,A
105804,A
105805,A
105806,A
105807,A
105808,A
105809,A
105810,A
105811,A
105812,A
105813,A
105814,A
105815,A
105816,A
105817,A
105818,A
105819,A
105820,A
105821,A
105822,A
105823,A
105824,A
105825,A
105826,A
105827,A
105828,A
105829,A
105830,A
105831,A
105832,A
105833,A
105834,A
105835,A
105836,A
105837,A
105838,A
105839,A
105840,A
105841,A
105842,A
105843,A
105844,A
105845,A
105846,A
105847,A
105848,A
105849,A
105850,A
105851,A
105852,A
105853,A
105854,A
105855,A
105856,A
105857,A
105858,A
105859,A
105860,A
105861,A
105862,A
105863,A
105864,A
105865,A
105866,A
105867,A
105868,A
105869,A
105870,A
105871,A
105872,A
105873,A
105874,A
105875,A
105876,A
105877,A
105878,A
105879,A
105880,A
105881,A
105882,A
105883,A
105884,A
105885,A
105886,A
105887,A
105888,A
105889,A
105890,A
105891,A
105892,A
105893,A
105894,A
105895,A
105896,A
105897,A
105898,A
105899,A
105900,A
105901,A
105902,A
105903,A
105904,A
105905,A
105906,A
105907,A
105908,A
105909,A
105910,A
105911,A
105912,A
105913,A
105914,A
105915,A
105916,A
105917,A
105918,A
105919,A
105920,A
105921,A
105922,A
105923,A
105924,A
105925,A
105926,A
105927,A
105928,A
105929,A
105930,A
105931,A
105932,A
105933,A
105934,A
105935,A
105936,A
105937,A
105938,A
105939,A
105940,A
105941,A
105942,A
105943,A
105944,A
105945,A
105946,A
105947,A
105948,A
105949,A
105950,A
105951,A
105952,A
105953,A
105954,A
105955,A
105956,A
105957,A
105958,A
105959,A
105960,A
105961,A
105962,A
105963,A
105964,A
105965,A
105966,A
105967,A
105968,A
105969,A
105970,A
105971,A
105972,A
105973,A
105974,A
105975,A
105976,A
105977,A
105978,A
105979,A
105980,A
105981,A
105982,A
105983,A
105984,A
105985,A
105986,A
105987,A
105988,A
105989,A
105990,A
105991,A
105992,A
105993,A
105994,A
105995,A
105996,A
105997,A
105998,A
105999,A
106000,A
106001,A
106002,A
106003,A
106004,A
106005,A
106006,A
106007,A
106008,A
106009,A
106010,A
106011,A
106012,A
106013,A
106014,A
106015,A
106016,A
106017,A
106018,A
106019,A
106020,A
106021,A
106022,A
106023,A
106024,A
106025,A
106026,A
106027,A
106028,A
106029,A
106030,A
106031,A
106032,A
106033,A
106034,A
106035,A
106036,A
106037,A
106038,A
106039,A
106040,A
106041,A
106042,A
106043,A
106044,A
106045,A
106046,A
106047,A
106048,A
106049,A
106050,A
106051,A
106052,A
106053,A
106054,A
106055,A
106056,A
106057,A
106058,A
106059,A
106060,A
106061,A
106062,A
106063,A
106064,A
106065,A
106066,A
106067,A
106068,A
106069,A
106070,A
106071,A
106072,A
106073,A
106074,A
106075,A
106076,A
106077,A
106078,A
106079,A
106080,A
106081,A
106082,A
106083,A
106084,A
106085,A
106086,A
106087,A
106088,A
106089,A
106090,A
106091,A
106092,A
106093,A
106094,A
106095,A
106096,A
106097,A
106098,A
106099,A
106100,A
106101,A
106102,A
106103,A
106104,A
106105,A
106106,A
106107,A
106108,A
106109,A
106110,A
106111,A
106112,A
106113,A
106114,A
106115,A
106116,A
106117,A
106118,A
106119,A
106120,A
106121,A
106122,A
106123,A
106124,A
106125,A
106126,A
106127,A
106128,A
106129,A
106130,A
106131,A
106132,A
106133,A
106134,A
106135,A
106136,A
106137,A
106138,A
106139,A
106140,A
106141,A
106142,A
106143,A
106144,A
106145,A
106146,A
106147,A
106148,A
106149,A
106150,A
106151,A
106152,A
106153,A
106154,A
106155,A
106156,A
106157,A
106158,A
106159,A
106160,A
106161,A
106162,A
106163,A
106164,A
106165,A
106166,A
106167,A
106168,A
106169,A
106170,A
106171,A
106172,A
106173,A
106174,A
106175,A
106176,A
106177,A
106178,A
106179,A
106180,A
106181,A
106182,A
106183,A
106184,A
106185,A
106186,A
106187,A
106188,A
106189,A
106190,A
106191,A
106192,A
106193,A
106194,A
106195,A
106196,A
106197,A
106198,A
106199,A
106200,A
106201,A
106202,A
106203,A
106204,A
106205,A
106206,A
106207,A
106208,A
106209,A
106210,A
106211,A
106212,A
106213,A
106214,A
106215,A
106216,A
106217,A
106218,A
106219,A
106220,A
106221,A
106222,A
106223,A
106224,A
106225,A
106226,A
106227,A
106228,A
106229,A
106230,A
106231,A
106232,A
106233,A
106234,A
106235,A
106236,A
106237,A
106238,A
106239,A
106240,A
106241,A
106242,A
106243,A
106244,A
106245,A
106246,A
106247,A
106248,A
106249,A
106250,A
106251,A
106252,A
106253,A
106254,A
106255,A
106256,A
106257,A
106258,A
106259,A
106260,A
106261,A
106262,A
106263,A
106264,A
106265,A
106266,A
106267,A
106268,A
106269,A
106270,A
106271,A
106272,A
106273,A
106274,A
106275,A
106276,A
106277,A
106278,A
106279,A
106280,A
106281,A
106282,A
106283,A
106284,A
106285,A
106286,A
106287,A
106288,A
106289,A
106290,A
106291,A
106292,A
106293,A
106294,A
106295,A
106296,A
106297,A
106298,A
106299,A
106300,A
106301,A
106302,A
106303,A
106304,A
106305,A
106306,A
106307,A
106308,A
106309,A
106310,A
106311,A
106312,A
106313,A
106314,A
106315,A
106316,A
106317,A
106318,A
106319,A
106320,A
106321,A
106322,A
106323,A
106324,A
106325,A
106326,A
106327,A
106328,A
106329,A
106330,A
106331,A
106332,A
106333,A
106334,A
106335,A
106336,A
106337,A
106338,A
106339,A
106340,A
106341,A
106342,A
106343,A
106344,A
106345,A
106346,A
106347,A
106348,A
106349,A
106350,A
106351,A
106352,A
106353,A
106354,A
106355,A
106356,A
106357,A
106358,A
106359,A
106360,A
106361,A
106362,A
106363,A
106364,A
106365,A
106366,A
106367,A
106368,A
106369,A
106370,A
106371,A
106372,A
106373,A
106374,A
106375,A
106376,A
106377,A
106378,A
106379,A
106380,A
106381,A
106382,A
106383,A
106384,A
106385,A
106386,A
106387,A
106388,A
106389,A
106390,A
106391,A
106392,A
106393,A
106394,A
106395,A
106396,A
106397,A
106398,A
106399,A
106400,A
106401,A
106402,A
106403,A
106404,A
106405,A
106406,A
106407,A
106408,A
106409,A
106410,A
106411,A
106412,A
106413,A
106414,A
106415,A
106416,A
106417,A
106418,A
106419,A
106420,A
106421,A
106422,A
106423,A
106424,A
106425,A
106426,A
106427,A
106428,A
106429,A
106430,A
106431,A
106432,A
106433,A
106434,A
106435,A
106436,A
106437,A
106438,A
106439,A
106440,A
106441,A
106442,A
106443,A
106444,A
106445,A
106446,A
106447,A
106448,A
106449,A
106450,A
106451,A
106452,A
106453,A
106454,A
106455,A
106456,A
106457,A
106458,A
106459,A
106460,A
106461,A
106462,A
106463,A
106464,A
106465,A
106466,A
106467,A
106468,A
106469,A
106470,A
106471,A
106472,A
106473,A
106474,A
106475,A
106476,A
106477,A
106478,A
106479,A
106480,A
106481,A
106482,A
106483,A
106484,A
106485,A
106486,A
106487,A
106488,A
106489,A
106490,A
106491,A
106492,A
106493,A
106494,A
106495,A
106496,A
106497,A
106498,A
106499,A
106500,A
106501,A
106502,A
106503,A
106504,A
106505,A
106506,A
106507,A
106508,A
106509,A
106510,A
106511,A
106512,A
106513,A
106514,A
106515,A
106516,A
106517,A
106518,A
106519,A
106520,A
106521,A
106522,A
106523,A
106524,A
106525,A
106526,A
106527,A
106528,A
106529,A
106530,A
106531,A
106532,A
106533,A
106534,A
106535,A
106536,A
106537,A
106538,A
106539,A
106540,A
106541,A
106542,A
106543,A
106544,A
106545,A
106546,A
106547,A
106548,A
106549,A
106550,A
106551,A
106552,A
106553,A
106554,A
106555,A
106556,A
106557,A
106558,A
106559,A
106560,A
106561,A
106562,A
106563,A
106564,A
106565,A
106566,A
106567,A
106568,A
106569,A
106570,A
106571,A
106572,A
106573,A
106574,A
106575,A
106576,A
106577,A
106578,A
106579,A
106580,A
106581,A
106582,A
106583,A
106584,A
106585,A
106586,A
106587,A
106588,A
106589,A
106590,A
106591,A
106592,A
106593,A
106594,A
106595,A
106596,A
106597,A
106598,A
106599,A
106600,A
106601,A
106602,A
106603,A
106604,A
106605,A
106606,A
106607,A
106608,A
106609,A
106610,A
106611,A
106612,A
106613,A
106614,A
106615,A
106616,A
106617,A
106618,A
106619,A
106620,A
106621,A
106622,A
106623,A
106624,A
106625,A
106626,A
106627,A
106628,A
106629,A
106630,A
106631,A
106632,A
106633,A
106634,A
106635,A
106636,A
106637,A
106638,A
106639,A
106640,A
106641,A
106642,A
106643,A
106644,A
106645,A
106646,A
106647,A
106648,A
106649,A
106650,A
106651,A
106652,A
106653,A
106654,A
106655,A
106656,A
106657,A
106658,A
106659,A
106660,A
106661,A
106662,A
106663,A
106664,A
106665,A
106666,A
106667,A
106668,A
106669,A
106670,A
106671,A
106672,A
106673,A
106674,A
106675,A
106676,A
106677,A
106678,A
106679,A
106680,A
106681,A
106682,A
106683,A
106684,A
106685,A
106686,A
106687,A
106688,A
106689,A
106690,A
106691,A
106692,A
106693,A
106694,A
106695,A
106696,A
106697,A
106698,A
106699,A
106700,A
106701,A
106702,A
106703,A
106704,A
106705,A
106706,A
106707,A
106708,A
106709,A
106710,A
106711,A
106712,A
106713,A
106714,A
106715,A
106716,A
106717,A
106718,A
106719,A
106720,A
106721,A
106722,A
106723,A
106724,A
106725,A
106726,A
106727,A
106728,A
106729,A
106730,A
106731,A
106732,A
106733,A
106734,A
106735,A
106736,A
106737,A
106738,A
106739,A
106740,A
106741,A
106742,A
106743,A
106744,A
106745,A
106746,A
106747,A
106748,A
106749,A
106750,A
106751,A
106752,A
106753,A
106754,A
106755,A
106756,A
106757,A
106758,A
106759,A
106760,A
106761,A
106762,A
106763,A
106764,A
106765,A
106766,A
106767,A
106768,A
106769,A
106770,A
106771,A
106772,A
106773,A
106774,A
106775,A
106776,A
106777,A
106778,A
106779,A
106780,A
106781,A
106782,A
106783,A
106784,A
106785,A
106786,A
106787,A
106788,A
106789,A
106790,A
106791,A
106792,A
106793,A
106794,A
106795,A
106796,A
106797,A
106798,A
106799,A
106800,A
106801,A
106802,A
106803,A
106804,A
106805,A
106806,A
106807,A
106808,A
106809,A
106810,A
106811,A
106812,A
106813,A
106814,A
106815,A
106816,A
106817,A
106818,A
106819,A
106820,A
106821,A
106822,A
106823,A
106824,A
106825,A
106826,A
106827,A
106828,A
106829,A
106830,A
106831,A
106832,A
106833,A
106834,A
106835,A
106836,A
106837,A
106838,A
106839,A
106840,A
106841,A
106842,A
106843,A
106844,A
106845,A
106846,A
106847,A
106848,A
106849,A
106850,A
106851,A
106852,A
106853,A
106854,A
106855,A
106856,A
106857,A
106858,A
106859,A
106860,A
106861,A
106862,A
106863,A
106864,A
106865,A
106866,A
106867,A
106868,A
106869,A
106870,A
106871,A
106872,A
106873,A
106874,A
106875,A
106876,A
106877,A
106878,A
106879,A
106880,A
106881,A
106882,A
106883,A
106884,A
106885,A
106886,A
106887,A
106888,A
106889,A
106890,A
106891,A
106892,A
106893,A
106894,A
106895,A
106896,A
106897,A
106898,A
106899,A
106900,A
106901,A
106902,A
106903,A
106904,A
106905,A
106906,A
106907,A
106908,A
106909,A
106910,A
106911,A
106912,A
106913,A
106914,A
106915,A
106916,A
106917,A
106918,A
106919,A
106920,A
106921,A
106922,A
106923,A
106924,A
106925,A
106926,A
106927,A
106928,A
106929,A
106930,A
106931,A
106932,A
106933,A
106934,A
106935,A
106936,A
106937,A
106938,A
106939,A
106940,A
106941,A
106942,A
106943,A
106944,A
106945,A
106946,A
106947,A
106948,A
106949,A
106950,A
106951,A
106952,A
106953,A
106954,A
106955,A
106956,A
106957,A
106958,A
106959,A
106960,A
106961,A
106962,A
106963,A
106964,A
106965,A
106966,A
106967,A
106968,A
106969,A
106970,A
106971,A
106972,A
106973,A
106974,A
106975,A
106976,A
106977,A
106978,A
106979,A
106980,A
106981,A
106982,A
106983,A
106984,A
106985,A
106986,A
106987,A
106988,A
106989,A
106990,A
106991,A
106992,A
106993,A
106994,A
106995,A
106996,A
106997,A
106998,A
106999,A
107000,A
107001,A
107002,A
107003,A
107004,A
107005,A
107006,A
107007,A
107008,A
107009,A
107010,A
107011,A
107012,A
107013,A
107014,A
107015,A
107016,A
107017,A
107018,A
107019,A
107020,A
107021,A
107022,A
107023,A
107024,A
107025,A
107026,A
107027,A
107028,A
107029,A
107030,A
107031,A
107032,A
107033,A
107034,A
107035,A
107036,A
107037,A
107038,A
107039,A
107040,A
107041,A
107042,A
107043,A
107044,A
107045,A
107046,A
107047,A
107048,A
107049,A
107050,A
107051,A
107052,A
107053,A
107054,A
107055,A
107056,A
107057,A
107058,A
107059,A
107060,A
107061,A
107062,A
107063,A
107064,A
107065,A
107066,A
107067,A
107068,A
107069,A
107070,A
107071,A
107072,A
107073,A
107074,A
107075,A
107076,A
107077,A
107078,A
107079,A
107080,A
107081,A
107082,A
107083,A
107084,A
107085,A
107086,A
107087,A
107088,A
107089,A
107090,A
107091,A
107092,A
107093,A
107094,A
107095,A
107096,A
107097,A
107098,A
107099,A
107100,A
107101,A
107102,A
107103,A
107104,A
107105,A
107106,A
107107,A
107108,A
107109,A
107110,A
107111,A
107112,A
107113,A
107114,A
107115,A
107116,A
107117,A
107118,A
107119,A
107120,A
107121,A
107122,A
107123,A
107124,A
107125,A
107126,A
107127,A
107128,A
107129,A
107130,A
107131,A
107132,A
107133,A
107134,A
107135,A
107136,A
107137,A
107138,A
107139,A
107140,A
107141,A
107142,A
107143,A
107144,A
107145,A
107146,A
107147,A
107148,A
107149,A
107150,A
107151,A
107152,A
107153,A
107154,A
107155,A
107156,A
107157,A
107158,A
107159,A
107160,A
107161,A
107162,A
107163,A
107164,A
107165,A
107166,A
107167,A
107168,A
107169,A
107170,A
107171,A
107172,A
107173,A
107174,A
107175,A
107176,A
107177,A
107178,A
107179,A
107180,A
107181,A
107182,A
107183,A
107184,A
107185,A
107186,A
107187,A
107188,A
107189,A
107190,A
107191,A
107192,A
107193,A
107194,A
107195,A
107196,A
107197,A
107198,A
107199,A
107200,A
107201,A
107202,A
107203,A
107204,A
107205,A
107206,A
107207,A
107208,A
107209,A
107210,A
107211,A
107212,A
107213,A
107214,A
107215,A
107216,A
107217,A
107218,A
107219,A
107220,A
107221,A
107222,A
107223,A
107224,A
107225,A
107226,A
107227,A
107228,A
107229,A
107230,A
107231,A
107232,A
107233,A
107234,A
107235,A
107236,A
107237,A
107238,A
107239,A
107240,A
107241,A
107242,A
107243,A
107244,A
107245,A
107246,A
107247,A
107248,A
107249,A
107250,A
107251,A
107252,A
107253,A
107254,A
107255,A
107256,A
107257,A
107258,A
107259,A
107260,A
107261,A
107262,A
107263,A
107264,A
107265,A
107266,A
107267,A
107268,A
107269,A
107270,A
107271,A
107272,A
107273,A
107274,A
107275,A
107276,A
107277,A
107278,A
107279,A
107280,A
107281,A
107282,A
107283,A
107284,A
107285,A
107286,A
107287,A
107288,A
107289,A
107290,A
107291,A
107292,A
107293,A
107294,A
107295,A
107296,A
107297,A
107298,A
107299,A
107300,A
107301,A
107302,A
107303,A
107304,A
107305,A
107306,A
107307,A
107308,A
107309,A
107310,A
107311,A
107312,A
107313,A
107314,A
107315,A
107316,A
107317,A
107318,A
107319,A
107320,A
107321,A
107322,A
107323,A
107324,A
107325,A
107326,A
107327,A
107328,A
107329,A
107330,A
107331,A
107332,A
107333,A
107334,A
107335,A
107336,A
107337,A
107338,A
107339,A
107340,A
107341,A
107342,A
107343,A
107344,A
107345,A
107346,A
107347,A
107348,A
107349,A
107350,A
107351,A
107352,A
107353,A
107354,A
107355,A
107356,A
107357,A
107358,A
107359,A
107360,A
107361,A
107362,A
107363,A
107364,A
107365,A
107366,A
107367,A
107368,A
107369,A
107370,A
107371,A
107372,A
107373,A
107374,A
107375,A
107376,A
107377,A
107378,A
107379,A
107380,A
107381,A
107382,A
107383,A
107384,A
107385,A
107386,A
107387,A
107388,A
107389,A
107390,A
107391,A
107392,A
107393,A
107394,A
107395,A
107396,A
107397,A
107398,A
107399,A
107400,A
107401,A
107402,A
107403,A
107404,A
107405,A
107406,A
107407,A
107408,A
107409,A
107410,A
107411,A
107412,A
107413,A
107414,A
107415,A
107416,A
107417,A
107418,A
107419,A
107420,A
107421,A
107422,A
107423,A
107424,A
107425,A
107426,A
107427,A
107428,A
107429,A
107430,A
107431,A
107432,A
107433,A
107434,A
107435,A
107436,A
107437,A
107438,A
107439,A
107440,A
107441,A
107442,A
107443,A
107444,A
107445,A
107446,A
107447,A
107448,A
107449,A
107450,A
107451,A
107452,A
107453,A
107454,A
107455,A
107456,A
107457,A
107458,A
107459,A
107460,A
107461,A
107462,A
107463,A
107464,A
107465,A
107466,A
107467,A
107468,A
107469,A
107470,A
107471,A
107472,A
107473,A
107474,A
107475,A
107476,A
107477,A
107478,A
107479,A
107480,A
107481,A
107482,A
107483,A
107484,A
107485,A
107486,A
107487,A
107488,A
107489,A
107490,A
107491,A
107492,A
107493,A
107494,A
107495,A
107496,A
107497,A
107498,A
107499,A
107500,A
107501,A
107502,A
107503,A
107504,A
107505,A
107506,A
107507,A
107508,A
107509,A
107510,A
107511,A
107512,A
107513,A
107514,A
107515,A
107516,A
107517,A
107518,A
107519,A
107520,A
107521,A
107522,A
107523,A
107524,A
107525,A
107526,A
107527,A
107528,A
107529,A
107530,A
107531,A
107532,A
107533,A
107534,A
107535,A
107536,A
107537,A
107538,A
107539,C
107540,A
107541,A
107542,A
107543,A
107544,A
107545,A
107546,A
107547,A
107548,A
107549,A
107550,A
107551,A
107552,A
107553,A
107554,A
107555,A
107556,A
107557,A
107558,A
107559,A
107560,A
107561,A
107562,A
107563,A
107564,A
107565,A
107566,A
107567,A
107568,A
107569,A
107570,A
107571,A
107572,A
107573,A
107574,A
107575,A
107576,A
107577,A
107578,A
107579,A
107580,A
107581,A
107582,A
107583,A
107584,A
107585,A
107586,A
107587,A
107588,A
107589,A
107590,A
107591,A
107592,A
107593,A
107594,A
107595,A
107596,A
107597,A
107598,A
107599,A
107600,A
107601,A
107602,A
107603,A
107604,A
107605,A
107606,A
107607,A
107608,A
107609,A
107610,A
107611,A
107612,A
107613,A
107614,A
107615,A
107616,A
107617,A
107618,A
107619,A
107620,A
107621,A
107622,A
107623,A
107624,A
107625,A
107626,A
107627,A
107628,A
107629,A
107630,A
107631,A
107632,A
107633,A
107634,A
107635,A
107636,A
107637,A
107638,A
107639,A
107640,A
107641,A
107642,A
107643,A
107644,A
107645,A
107646,A
107647,A
107648,A
107649,A
107650,A
107651,A
107652,A
107653,A
107654,A
107655,A
107656,A
107657,A
107658,A
107659,A
107660,A
107661,A
107662,A
107663,A
107664,A
107665,A
107666,A
107667,A
107668,A
107669,A
107670,A
107671,A
107672,A
107673,A
107674,A
107675,A
107676,A
107677,A
107678,A
107679,A
107680,A
107681,A
107682,A
107683,A
107684,A
107685,A
107686,A
107687,A
107688,A
107689,A
107690,A
107691,A
107692,A
107693,A
107694,A
107695,A
107696,A
107697,A
107698,A
107699,A
107700,A
107701,A
107702,A
107703,A
107704,A
107705,A
107706,A
107707,A
107708,A
107709,A
107710,A
107711,A
107712,A
107713,A
107714,A
107715,A
107716,A
107717,A
107718,A
107719,A
107720,A
107721,A
107722,A
107723,A
107724,A
107725,A
107726,A
107727,A
107728,A
107729,A
107730,A
107731,A
107732,A
107733,A
107734,A
107735,A
107736,A
107737,A
107738,A
107739,A
107740,A
107741,A
107742,A
107743,A
107744,A
107745,A
107746,A
107747,A
107748,A
107749,A
107750,A
107751,A
107752,A
107753,A
107754,A
107755,A
107756,A
107757,A
107758,A
107759,A
107760,A
107761,A
107762,A
107763,A
107764,A
107765,A
107766,A
107767,A
107768,A
107769,A
107770,A
107771,A
107772,A
107773,A
107774,A
107775,A
107776,A
107777,A
107778,A
107779,A
107780,A
107781,A
107782,A
107783,A
107784,A
107785,A
107786,A
107787,A
107788,A
107789,A
107790,A
107791,A
107792,A
107793,A
107794,A
107795,A
107796,A
107797,A
107798,A
107799,A
107800,A
107801,A
107802,A
107803,A
107804,A
107805,A
107806,A
107807,A
107808,A
107809,A
107810,A
107811,A
107812,A
107813,A
107814,A
107815,A
107816,A
107817,A
107818,A
107819,A
107820,A
107821,A
107822,A
107823,A
107824,A
107825,A
107826,A
107827,A
107828,A
107829,A
107830,A
107831,A
107832,A
107833,A
107834,A
107835,A
107836,A
107837,A
107838,A
107839,A
107840,A
107841,A
107842,A
107843,A
107844,A
107845,A
107846,A
107847,A
107848,A
107849,A
107850,A
107851,A
107852,A
107853,A
107854,A
107855,A
107856,A
107857,A
107858,A
107859,A
107860,A
107861,A
107862,A
107863,A
107864,A
107865,A
107866,A
107867,A
107868,A
107869,A
107870,A
107871,A
107872,A
107873,A
107874,A
107875,A
107876,A
107877,A
107878,A
107879,A
107880,A
107881,A
107882,A
107883,A
107884,A
107885,A
107886,A
107887,A
107888,A
107889,A
107890,A
107891,A
107892,A
107893,A
107894,A
107895,A
107896,A
107897,A
107898,A
107899,A
107900,A
107901,A
107902,A
107903,A
107904,A
107905,A
107906,A
107907,A
107908,A
107909,A
107910,A
107911,A
107912,A
107913,A
107914,A
107915,A
107916,A
107917,A
107918,A
107919,A
107920,A
107921,A
107922,A
107923,A
107924,A
107925,A
107926,A
107927,A
107928,A
107929,A
107930,A
107931,A
107932,A
107933,A
107934,A
107935,A
107936,A
107937,A
107938,A
107939,A
107940,A
107941,A
107942,A
107943,A
107944,A
107945,A
107946,A
107947,A
107948,A
107949,A
107950,A
107951,A
107952,A
107953,A
107954,A
107955,A
107956,A
107957,A
107958,A
107959,A
107960,A
107961,A
107962,A
107963,A
107964,A
107965,A
107966,A
107967,A
107968,A
107969,A
107970,A
107971,A
107972,A
107973,A
107974,A
107975,A
107976,A
107977,A
107978,A
107979,A
107980,A
107981,A
107982,A
107983,A
107984,A
107985,A
107986,A
107987,A
107988,A
107989,A
107990,A
107991,A
107992,A
107993,A
107994,A
107995,A
107996,A
107997,A
107998,A
107999,A
108000,A
108001,A
108002,A
108003,A
108004,A
108005,A
108006,A
108007,A
108008,A
108009,A
108010,A
108011,A
108012,A
108013,A
108014,A
108015,A
108016,A
108017,A
108018,A
108019,A
108020,A
108021,A
108022,A
108023,A
108024,A
108025,A
108026,A
108027,A
108028,A
108029,A
108030,A
108031,A
108032,A
108033,A
108034,A
108035,A
108036,A
108037,A
108038,A
108039,A
108040,A
108041,A
108042,A
108043,B
108044,A
108045,A
108046,A
108047,A
108048,A
108049,A
108050,A
108051,A
108052,A
108053,A
108054,A
108055,A
108056,A
108057,A
108058,A
108059,A
108060,A
108061,A
108062,A
108063,A
108064,A
108065,A
108066,A
108067,A
108068,A
108069,A
108070,A
108071,A
108072,A
108073,A
108074,A
108075,A
108076,A
108077,A
108078,A
108079,A
108080,A
108081,A
108082,A
108083,A
108084,A
108085,A
108086,A
108087,A
108088,A
108089,A
108090,A
108091,A
108092,A
108093,A
108094,A
108095,A
108096,A
108097,A
108098,A
108099,A
108100,A
108101,A
108102,A
108103,A
108104,A
108105,A
108106,A
108107,A
108108,A
108109,A
108110,A
108111,A
108112,A
108113,A
108114,A
108115,A
108116,A
108117,A
108118,A
108119,A
108120,A
108121,A
108122,A
108123,A
108124,A
108125,A
108126,A
108127,A
108128,A
108129,A
108130,A
108131,A
108132,A
108133,A
108134,A
108135,A
108136,A
108137,A
108138,A
108139,A
108140,A
108141,A
108142,A
108143,A
108144,A
108145,A
108146,A
108147,A
108148,A
108149,A
108150,A
108151,A
108152,A
108153,A
108154,A
108155,A
108156,A
108157,A
108158,A
108159,A
108160,A
108161,A
108162,A
108163,A
108164,A
108165,A
108166,A
108167,A
108168,A
108169,A
108170,A
108171,A
108172,A
108173,A
108174,A
108175,A
108176,A
108177,A
108178,A
108179,A
108180,A
108181,A
108182,A
108183,A
108184,A
108185,A
108186,A
108187,A
108188,A
108189,A
108190,A
108191,A
108192,A
108193,A
108194,A
108195,A
108196,A
108197,A
108198,A
108199,A
108200,A
108201,A
108202,A
108203,A
108204,A
108205,A
108206,A
108207,A
108208,A
108209,A
108210,A
108211,A
108212,A
108213,A
108214,A
108215,A
108216,A
108217,A
108218,A
108219,A
108220,A
108221,A
108222,A
108223,A
108224,A
108225,A
108226,A
108227,A
108228,A
108229,A
108230,A
108231,A
108232,A
108233,A
108234,A
108235,A
108236,A
108237,A
108238,A
108239,A
108240,A
108241,A
108242,A
108243,A
108244,A
108245,A
108246,A
108247,A
108248,A
108249,A
108250,A
108251,A
108252,A
108253,A
108254,A
108255,A
108256,A
108257,A
108258,A
108259,A
108260,A
108261,A
108262,A
108263,A
108264,A
108265,A
108266,A
108267,A
108268,A
108269,A
108270,A
108271,A
108272,A
108273,A
108274,A
108275,A
108276,A
108277,A
108278,A
108279,A
108280,A
108281,A
108282,A
108283,A
108284,A
108285,A
108286,A
108287,A
108288,A
108289,A
108290,A
108291,A
108292,A
108293,A
108294,A
108295,A
108296,A
108297,A
108298,A
108299,A
108300,A
108301,A
108302,A
108303,A
108304,A
108305,A
108306,A
108307,A
108308,A
108309,A
108310,A
108311,A
108312,A
108313,A
108314,A
108315,A
108316,A
108317,A
108318,A
108319,A
108320,A
108321,A
108322,A
108323,A
108324,A
108325,A
108326,A
108327,A
108328,A
108329,A
108330,A
108331,A
108332,A
108333,A
108334,A
108335,A
108336,A
108337,A
108338,A
108339,A
108340,A
108341,A
108342,A
108343,A
108344,A
108345,A
108346,A
108347,A
108348,A
108349,A
108350,A
108351,A
108352,A
108353,A
108354,A
108355,A
108356,A
108357,A
108358,A
108359,A
108360,A
108361,A
108362,A
108363,A
108364,A
108365,A
108366,A
108367,A
108368,A
108369,A
108370,A
108371,A
108372,A
108373,A
108374,A
108375,A
108376,A
108377,A
108378,A
108379,A
108380,A
108381,A
108382,A
108383,A
108384,A
108385,A
108386,A
108387,A
108388,A
108389,A
108390,A
108391,A
108392,A
108393,A
108394,A
108395,A
108396,A
108397,A
108398,A
108399,A
108400,A
108401,A
108402,A
108403,A
108404,A
108405,A
108406,A
108407,A
108408,A
108409,A
108410,A
108411,A
108412,A
108413,A
108414,A
108415,A
108416,A
108417,A
108418,A
108419,A
108420,A
108421,A
108422,A
108423,A
108424,A
108425,A
108426,A
108427,A
108428,A
108429,A
108430,A
108431,A
108432,A
108433,A
108434,A
108435,A
108436,A
108437,A
108438,A
108439,A
108440,A
108441,A
108442,D
108443,A
108444,A
108445,A
108446,A
108447,A
108448,A
108449,A
108450,A
108451,A
108452,A
108453,A
108454,A
108455,A
108456,A
108457,A
108458,A
108459,A
108460,A
108461,A
108462,A
108463,A
108464,A
108465,A
108466,A
108467,A
108468,A
108469,A
108470,A
108471,A
108472,A
108473,A
108474,A
108475,A
108476,A
108477,A
108478,A
108479,A
108480,A
108481,A
108482,A
108483,A
108484,A
108485,A
108486,A
108487,A
108488,A
108489,A
108490,A
108491,A
108492,A
108493,A
108494,A
108495,A
108496,A
108497,A
108498,A
108499,A
108500,A
108501,A
108502,A
108503,A
108504,A
108505,A
108506,A
108507,A
108508,A
108509,A
108510,A
108511,A
108512,A
108513,A
108514,A
108515,A
108516,A
108517,A
108518,A
108519,A
108520,A
108521,A
108522,A
108523,A
108524,A
108525,A
108526,A
108527,A
108528,A
108529,A
108530,A
108531,A
108532,A
108533,A
108534,A
108535,A
108536,A
108537,A
108538,A
108539,A
108540,A
108541,A
108542,A
108543,A
108544,A
108545,A
108546,A
108547,A
108548,A
108549,A
108550,A
108551,A
108552,A
108553,A
108554,A
108555,A
108556,A
108557,A
108558,A
108559,A
108560,A
108561,A
108562,A
108563,A
108564,A
108565,A
108566,A
108567,A
108568,A
108569,A
108570,A
108571,A
108572,A
108573,A
108574,A
108575,A
108576,A
108577,A
108578,A
108579,A
108580,A
108581,A
108582,A
108583,A
108584,A
108585,A
108586,A
108587,A
108588,A
108589,A
108590,A
108591,A
108592,A
108593,A
108594,A
108595,A
108596,A
108597,A
108598,A
108599,A
108600,A
108601,A
108602,A
108603,A
108604,A
108605,A
108606,A
108607,A
108608,A
108609,A
108610,A
108611,A
108612,A
108613,A
108614,A
108615,A
108616,A
108617,A
108618,A
108619,A
108620,A
108621,A
108622,A
108623,A
108624,A
108625,A
108626,A
108627,A
108628,A
108629,A
108630,A
108631,A
108632,A
108633,A
108634,A
108635,A
108636,A
108637,A
108638,A
108639,A
108640,A
108641,A
108642,A
108643,A
108644,A
108645,A
108646,A
108647,A
108648,A
108649,A
108650,A
108651,A
108652,A
108653,A
108654,A
108655,A
108656,A
108657,A
108658,A
108659,A
108660,A
108661,A
108662,A
108663,A
108664,A
108665,A
108666,A
108667,A
108668,A
108669,A
108670,A
108671,A
108672,A
108673,A
108674,A
108675,A
108676,A
108677,A
108678,A
108679,A
108680,A
108681,A
108682,A
108683,A
108684,A
108685,A
108686,A
108687,A
108688,A
108689,A
108690,A
108691,A
108692,A
108693,A
108694,A
108695,A
108696,A
108697,A
108698,A
108699,A
108700,A
108701,A
108702,A
108703,A
108704,A
108705,A
108706,A
108707,A
108708,A
108709,A
108710,A
108711,A
108712,A
108713,A
108714,A
108715,A
108716,A
108717,A
108718,A
108719,A
108720,A
108721,A
108722,A
108723,A
108724,A
108725,A
108726,A
108727,A
108728,A
108729,A
108730,A
108731,A
108732,A
108733,A
108734,A
108735,A
108736,A
108737,A
108738,A
108739,A
108740,A
108741,A
108742,A
108743,A
108744,A
108745,A
108746,A
108747,A
108748,A
108749,A
108750,A
108751,A
108752,A
108753,A
108754,A
108755,A
108756,A
108757,A
108758,A
108759,A
108760,A
108761,A
108762,A
108763,A
108764,A
108765,A
108766,A
108767,A
108768,A
108769,A
108770,A
108771,A
108772,A
108773,A
108774,A
108775,A
108776,A
108777,A
108778,A
108779,A
108780,A
108781,A
108782,A
108783,A
108784,A
108785,A
108786,A
108787,A
108788,A
108789,A
108790,A
108791,A
108792,A
108793,A
108794,A
108795,A
108796,A
108797,A
108798,A
108799,A
108800,A
108801,A
108802,A
108803,A
108804,A
108805,A
108806,A
108807,A
108808,A
108809,A
108810,A
108811,A
108812,A
108813,A
108814,A
108815,A
108816,A
108817,A
108818,A
108819,A
108820,A
108821,A
108822,A
108823,A
108824,A
108825,A
108826,A
108827,A
108828,A
108829,A
108830,A
108831,A
108832,A
108833,A
108834,A
108835,A
108836,A
108837,A
108838,A
108839,A
108840,A
108841,A
108842,A
108843,A
108844,A
108845,A
108846,A
108847,A
108848,A
108849,A
108850,A
108851,A
108852,A
108853,A
108854,A
108855,A
108856,A
108857,A
108858,A
108859,A
108860,A
108861,A
108862,A
108863,A
108864,A
108865,A
108866,A
108867,A
108868,A
108869,A
108870,A
108871,A
108872,A
108873,A
108874,A
108875,A
108876,A
108877,A
108878,A
108879,A
108880,A
108881,A
108882,A
108883,A
108884,A
108885,A
108886,A
108887,A
108888,A
108889,A
108890,A
108891,A
108892,A
108893,A
108894,A
108895,A
108896,A
108897,A
108898,A
108899,A
108900,A
108901,A
108902,A
108903,A
108904,A
108905,A
108906,A
108907,A
108908,A
108909,A
108910,A
108911,A
108912,A
108913,A
108914,A
108915,A
108916,A
108917,A
108918,A
108919,A
108920,A
108921,A
108922,A
108923,A
108924,A
108925,A
108926,A
108927,A
108928,A
108929,A
108930,A
108931,A
108932,A
108933,A
108934,A
108935,A
108936,A
108937,A
108938,A
108939,A
108940,A
108941,A
108942,A
108943,A
108944,A
108945,A
108946,A
108947,A
108948,A
108949,A
108950,A
108951,A
108952,A
108953,A
108954,A
108955,A
108956,A
108957,A
108958,A
108959,A
108960,A
108961,A
108962,A
108963,A
108964,A
108965,A
108966,A
108967,A
108968,A
108969,A
108970,A
108971,A
108972,A
108973,A
108974,A
108975,A
108976,A
108977,A
108978,A
108979,A
108980,A
108981,A
108982,A
108983,A
108984,A
108985,A
108986,A
108987,A
108988,A
108989,A
108990,A
108991,A
108992,A
108993,A
108994,A
108995,A
108996,A
108997,A
108998,A
108999,A
109000,A
109001,A
109002,A
109003,A
109004,A
109005,A
109006,A
109007,A
109008,A
109009,A
109010,A
109011,A
109012,A
109013,A
109014,A
109015,A
109016,A
109017,A
109018,A
109019,A
109020,A
109021,A
109022,A
109023,A
109024,A
109025,A
109026,A
109027,A
109028,A
109029,A
109030,A
109031,A
109032,A
109033,A
109034,A
109035,A
109036,A
109037,A
109038,A
109039,A
109040,A
109041,A
109042,A
109043,A
109044,A
109045,A
109046,A
109047,A
109048,A
109049,A
109050,A
109051,A
109052,A
109053,A
109054,A
109055,A
109056,A
109057,A
109058,A
109059,A
109060,A
109061,A
109062,A
109063,A
109064,A
109065,A
109066,A
109067,A
109068,A
109069,A
109070,A
109071,A
109072,A
109073,A
109074,A
109075,A
109076,A
109077,A
109078,A
109079,A
109080,A
109081,A
109082,A
109083,A
109084,A
109085,A
109086,A
109087,A
109088,A
109089,A
109090,A
109091,A
109092,A
109093,A
109094,A
109095,A
109096,A
109097,A
109098,A
109099,A
109100,A
109101,A
109102,A
109103,A
109104,A
109105,A
109106,A
109107,A
109108,A
109109,A
109110,A
109111,A
109112,A
109113,A
109114,A
109115,A
109116,A
109117,A
109118,A
109119,A
109120,A
109121,A
109122,A
109123,A
109124,A
109125,A
109126,A
109127,A
109128,A
109129,A
109130,A
109131,A
109132,A
109133,A
109134,A
109135,A
109136,A
109137,A
109138,A
109139,A
109140,A
109141,A
109142,A
109143,A
109144,A
109145,A
109146,A
109147,A
109148,A
109149,A
109150,A
109151,A
109152,A
109153,A
109154,A
109155,A
109156,A
109157,A
109158,A
109159,A
109160,A
109161,A
109162,A
109163,A
109164,A
109165,A
109166,A
109167,A
109168,A
109169,A
109170,A
109171,A
109172,A
109173,A
109174,A
109175,A
109176,A
109177,A
109178,A
109179,A
109180,A
109181,A
109182,A
109183,A
109184,A
109185,A
109186,A
109187,A
109188,A
109189,A
109190,A
109191,A
109192,A
109193,A
109194,A
109195,A
109196,A
109197,A
109198,A
109199,A
109200,A
109201,A
109202,A
109203,A
109204,A
109205,A
109206,A
109207,A
109208,A
109209,A
109210,A
109211,A
109212,A
109213,A
109214,A
109215,A
109216,A
109217,A
109218,A
109219,A
109220,A
109221,A
109222,A
109223,A
109224,A
109225,A
109226,A
109227,A
109228,A
109229,A
109230,A
109231,A
109232,A
109233,A
109234,A
109235,A
109236,A
109237,A
109238,A
109239,A
109240,A
109241,A
109242,A
109243,A
109244,A
109245,A
109246,A
109247,A
109248,A
109249,A
109250,A
109251,A
109252,A
109253,A
109254,A
109255,A
109256,A
109257,A
109258,A
109259,A
109260,A
109261,A
109262,A
109263,A
109264,A
109265,A
109266,A
109267,A
109268,A
109269,A
109270,A
109271,A
109272,A
109273,A
109274,A
109275,A
109276,A
109277,A
109278,A
109279,A
109280,A
109281,A
109282,A
109283,A
109284,A
109285,A
109286,A
109287,A
109288,A
109289,A
109290,A
109291,A
109292,A
109293,A
109294,A
109295,A
109296,A
109297,A
109298,A
109299,A
109300,A
109301,A
109302,A
109303,A
109304,A
109305,A
109306,A
109307,A
109308,A
109309,A
109310,A
109311,A
109312,A
109313,A
109314,A
109315,A
109316,A
109317,A
109318,A
109319,A
109320,A
109321,A
109322,A
109323,A
109324,A
109325,A
109326,A
109327,A
109328,A
109329,A
109330,A
109331,A
109332,A
109333,A
109334,A
109335,A
109336,A
109337,A
109338,A
109339,A
109340,A
109341,A
109342,A
109343,A
109344,A
109345,A
109346,A
109347,A
109348,A
109349,A
109350,A
109351,A
109352,A
109353,A
109354,A
109355,A
109356,A
109357,A
109358,A
109359,A
109360,A
109361,A
109362,A
109363,A
109364,A
109365,A
109366,A
109367,A
109368,A
109369,A
109370,A
109371,A
109372,A
109373,A
109374,A
109375,A
109376,A
109377,A
109378,A
109379,A
109380,A
109381,A
109382,A
109383,A
109384,A
109385,A
109386,A
109387,A
109388,A
109389,A
109390,A
109391,A
109392,A
109393,A
109394,A
109395,A
109396,A
109397,A
109398,A
109399,A
109400,A
109401,A
109402,A
109403,A
109404,A
109405,A
109406,A
109407,A
109408,A
109409,A
109410,A
109411,A
109412,A
109413,A
109414,A
109415,A
109416,A
109417,A
109418,A
109419,A
109420,A
109421,A
109422,A
109423,A
109424,A
109425,A
109426,A
109427,A
109428,A
109429,A
109430,A
109431,A
109432,A
109433,A
109434,A
109435,A
109436,A
109437,A
109438,A
109439,A
109440,A
109441,A
109442,A
109443,A
109444,A
109445,A
109446,A
109447,A
109448,A
109449,A
109450,A
109451,A
109452,A
109453,A
109454,A
109455,A
109456,A
109457,A
109458,A
109459,A
109460,A
109461,A
109462,A
109463,A
109464,A
109465,A
109466,A
109467,A
109468,A
109469,A
109470,A
109471,A
109472,A
109473,A
109474,A
109475,A
109476,A
109477,A
109478,A
109479,A
109480,A
109481,A
109482,A
109483,A
109484,A
109485,A
109486,A
109487,A
109488,A
109489,A
109490,A
109491,A
109492,A
109493,A
109494,A
109495,A
109496,A
109497,A
109498,A
109499,A
109500,A
109501,A
109502,A
109503,A
109504,A
109505,A
109506,A
109507,A
109508,A
109509,A
109510,A
109511,A
109512,A
109513,A
109514,A
109515,A
109516,A
109517,A
109518,A
109519,A
109520,A
109521,A
109522,A
109523,A
109524,A
109525,A
109526,A
109527,A
109528,A
109529,A
109530,A
109531,A
109532,A
109533,A
109534,A
109535,A
109536,A
109537,A
109538,A
109539,A
109540,A
109541,A
109542,A
109543,A
109544,A
109545,A
109546,A
109547,A
109548,A
109549,A
109550,A
109551,A
109552,A
109553,A
109554,A
109555,A
109556,A
109557,A
109558,A
109559,A
109560,A
109561,A
109562,A
109563,A
109564,A
109565,A
109566,A
109567,A
109568,A
109569,A
109570,A
109571,A
109572,A
109573,A
109574,A
109575,A
109576,A
109577,A
109578,A
109579,A
109580,A
109581,A
109582,A
109583,A
109584,A
109585,A
109586,A
109587,A
109588,A
109589,A
109590,A
109591,A
109592,A
109593,A
109594,A
109595,A
109596,A
109597,A
109598,A
109599,A
109600,A
109601,A
109602,A
109603,A
109604,A
109605,A
109606,A
109607,A
109608,A
109609,A
109610,A
109611,A
109612,A
109613,A
109614,A
109615,A
109616,A
109617,A
109618,A
109619,A
109620,A
109621,A
109622,A
109623,A
109624,A
109625,A
109626,A
109627,A
109628,A
109629,A
109630,A
109631,A
109632,A
109633,A
109634,A
109635,A
109636,A
109637,A
109638,A
109639,A
109640,A
109641,A
109642,A
109643,A
109644,A
109645,A
109646,A
109647,A
109648,A
109649,A
109650,A
109651,A
109652,A
109653,A
109654,A
109655,A
109656,A
109657,A
109658,A
109659,A
109660,A
109661,A
109662,A
109663,A
109664,A
109665,A
109666,A
109667,A
109668,A
109669,A
109670,A
109671,A
109672,A
109673,A
109674,A
109675,A
109676,A
109677,A
109678,A
109679,A
109680,A
109681,A
109682,A
109683,A
109684,A
109685,A
109686,A
109687,A
109688,A
109689,A
109690,A
109691,A
109692,A
109693,A
109694,A
109695,A
109696,A
109697,A
109698,A
109699,A
109700,A
109701,A
109702,A
109703,A
109704,A
109705,A
109706,A
109707,A
109708,A
109709,A
109710,A
109711,A
109712,A
109713,A
109714,A
109715,A
109716,A
109717,A
109718,A
109719,A
109720,A
109721,A
109722,A
109723,A
109724,A
109725,A
109726,A
109727,A
109728,A
109729,A
109730,A
109731,A
109732,A
109733,A
109734,A
109735,A
109736,A
109737,A
109738,A
109739,A
109740,A
109741,A
109742,A
109743,A
109744,A
109745,A
109746,A
109747,A
109748,A
109749,A
109750,A
109751,A
109752,A
109753,A
109754,A
109755,A
109756,A
109757,A
109758,A
109759,A
109760,A
109761,A
109762,A
109763,A
109764,A
109765,A
109766,A
109767,A
109768,A
109769,A
109770,A
109771,A
109772,A
109773,A
109774,A
109775,A
109776,A
109777,A
109778,A
109779,A
109780,A
109781,A
109782,A
109783,A
109784,A
109785,A
109786,A
109787,A
109788,A
109789,A
109790,A
109791,A
109792,A
109793,A
109794,A
109795,A
109796,A
109797,A
109798,A
109799,A
109800,A
109801,A
109802,A
109803,A
109804,A
109805,A
109806,A
109807,A
109808,A
109809,A
109810,A
109811,A
109812,A
109813,A
109814,A
109815,A
109816,A
109817,A
109818,A
109819,A
109820,A
109821,A
109822,A
109823,A
109824,A
109825,A
109826,A
109827,A
109828,A
109829,A
109830,A
109831,A
109832,A
109833,D
109834,A
109835,A
109836,A
109837,A
109838,A
109839,A
109840,A
109841,A
109842,A
109843,A
109844,A
109845,A
109846,A
109847,A
109848,A
109849,A
109850,A
109851,A
109852,A
109853,A
109854,A
109855,A
109856,A
109857,A
109858,A
109859,A
109860,A
109861,A
109862,A
109863,A
109864,A
109865,A
109866,A
109867,A
109868,A
109869,A
109870,A
109871,A
109872,A
109873,A
109874,A
109875,A
109876,A
109877,A
109878,A
109879,A
109880,A
109881,A
109882,A
109883,A
109884,A
109885,A
109886,A
109887,A
109888,A
109889,A
109890,A
109891,A
109892,A
109893,A
109894,A
109895,A
109896,A
109897,A
109898,A
109899,A
109900,A
109901,A
109902,A
109903,A
109904,A
109905,A
109906,A
109907,A
109908,A
109909,A
109910,A
109911,A
109912,A
109913,A
109914,A
109915,A
109916,A
109917,A
109918,A
109919,A
109920,A
109921,A
109922,A
109923,A
109924,A
109925,A
109926,A
109927,A
109928,A
109929,A
109930,A
109931,A
109932,A
109933,A
109934,A
109935,A
109936,A
109937,A
109938,A
109939,A
109940,A
109941,A
109942,A
109943,A
109944,A
109945,A
109946,A
109947,A
109948,A
109949,A
109950,A
109951,A
109952,A
109953,A
109954,A
109955,A
109956,A
109957,A
109958,A
109959,A
109960,A
109961,A
109962,A
109963,A
109964,A
109965,A
109966,A
109967,A
109968,A
109969,A
109970,A
109971,A
109972,A
109973,A
109974,A
109975,A
109976,A
109977,A
109978,A
109979,A
109980,A
109981,A
109982,A
109983,A
109984,A
109985,A
109986,A
109987,A
109988,A
109989,A
109990,A
109991,A
109992,A
109993,A
109994,A
109995,A
109996,A
109997,A
109998,A
109999,A
110000,A
110001,A
110002,A
110003,A
110004,A
110005,A
110006,A
110007,A
110008,A
110009,A
110010,A
110011,A
110012,A
110013,A
110014,A
110015,A
110016,A
110017,A
110018,A
110019,A
110020,A
110021,A
110022,A
110023,A
110024,A
110025,A
110026,A
110027,A
110028,A
110029,A
110030,A
110031,A
110032,A
110033,A
110034,A
110035,A
110036,A
110037,A
110038,A
110039,A
110040,A
110041,A
110042,A
110043,A
110044,A
110045,A
110046,A
110047,A
110048,A
110049,A
110050,A
110051,A
110052,A
110053,A
110054,A
110055,A
110056,A
110057,A
110058,A
110059,A
110060,A
110061,B
110062,A
110063,A
110064,A
110065,A
110066,A
110067,A
110068,A
110069,A
110070,A
110071,A
110072,A
110073,A
110074,A
110075,A
110076,A
110077,A
110078,A
110079,A
110080,A
110081,A
110082,A
110083,A
110084,A
110085,A
110086,A
110087,A
110088,A
110089,A
110090,A
110091,A
110092,A
110093,A
110094,A
110095,A
110096,A
110097,A
110098,A
110099,A
110100,A
110101,A
110102,A
110103,A
110104,A
110105,A
110106,A
110107,A
110108,A
110109,A
110110,A
110111,A
110112,A
110113,A
110114,A
110115,A
110116,A
110117,A
110118,A
110119,A
110120,A
110121,A
110122,A
110123,A
110124,A
110125,A
110126,A
110127,A
110128,A
110129,A
110130,A
110131,A
110132,A
110133,A
110134,A
110135,A
110136,A
110137,A
110138,A
110139,A
110140,A
110141,A
110142,A
110143,A
110144,A
110145,A
110146,A
110147,A
110148,A
110149,A
110150,A
110151,A
110152,A
110153,A
110154,A
110155,A
110156,A
110157,A
110158,A
110159,A
110160,A
110161,A
110162,A
110163,A
110164,A
110165,A
110166,A
110167,A
110168,A
110169,A
110170,A
110171,A
110172,A
110173,A
110174,A
110175,A
110176,A
110177,A
110178,A
110179,A
110180,A
110181,A
110182,A
110183,A
110184,A
110185,A
110186,A
110187,A
110188,A
110189,A
110190,A
110191,A
110192,A
110193,A
110194,A
110195,A
110196,A
110197,A
110198,A
110199,A
110200,A
110201,A
110202,A
110203,A
110204,A
110205,A
110206,A
110207,A
110208,A
110209,A
110210,A
110211,A
110212,A
110213,A
110214,A
110215,A
110216,A
110217,A
110218,A
110219,A
110220,A
110221,A
110222,A
110223,A
110224,A
110225,A
110226,A
110227,A
110228,A
110229,A
110230,A
110231,A
110232,A
110233,A
110234,A
110235,A
110236,A
110237,A
110238,A
110239,A
110240,A
110241,A
110242,A
110243,A
110244,A
110245,A
110246,A
110247,A
110248,A
110249,A
110250,A
110251,A
110252,A
110253,A
110254,A
110255,A
110256,A
110257,A
110258,A
110259,A
110260,A
110261,A
110262,A
110263,A
110264,A
110265,A
110266,A
110267,A
110268,A
110269,A
110270,A
110271,A
110272,A
110273,A
110274,A
110275,A
110276,A
110277,A
110278,A
110279,A
110280,A
110281,A
110282,A
110283,A
110284,A
110285,A
110286,A
110287,A
110288,A
110289,A
110290,A
110291,A
110292,A
110293,A
110294,A
110295,A
110296,A
110297,A
110298,A
110299,A
110300,A
110301,A
110302,A
110303,A
110304,A
110305,A
110306,A
110307,A
110308,A
110309,A
110310,A
110311,A
110312,A
110313,A
110314,A
110315,A
110316,A
110317,A
110318,A
110319,A
110320,A
110321,A
110322,A
110323,A
110324,A
110325,A
110326,A
110327,A
110328,A
110329,A
110330,A
110331,A
110332,A
110333,A
110334,A
110335,A
110336,A
110337,A
110338,A
110339,A
110340,A
110341,A
110342,A
110343,A
110344,A
110345,A
110346,A
110347,A
110348,A
110349,A
110350,A
110351,A
110352,A
110353,A
110354,A
110355,A
110356,A
110357,A
110358,A
110359,A
110360,A
110361,A
110362,A
110363,A
110364,A
110365,A
110366,A
110367,A
110368,A
110369,A
110370,A
110371,A
110372,A
110373,A
110374,A
110375,A
110376,A
110377,A
110378,A
110379,A
110380,A
110381,A
110382,A
110383,A
110384,A
110385,A
110386,A
110387,A
110388,A
110389,A
110390,A
110391,A
110392,A
110393,A
110394,A
110395,A
110396,A
110397,A
110398,A
110399,A
110400,A
110401,A
110402,A
110403,A
110404,A
110405,A
110406,A
110407,A
110408,A
110409,A
110410,A
110411,A
110412,A
110413,A
110414,A
110415,A
110416,A
110417,A
110418,A
110419,A
110420,A
110421,A
110422,A
110423,A
110424,A
110425,A
110426,A
110427,A
110428,A
110429,A
110430,A
110431,A
110432,A
110433,A
110434,A
110435,A
110436,A
110437,A
110438,A
110439,A
110440,A
110441,A
110442,A
110443,A
110444,A
110445,A
110446,A
110447,A
110448,A
110449,A
110450,A
110451,A
110452,A
110453,A
110454,A
110455,A
110456,A
110457,A
110458,A
110459,A
110460,A
110461,A
110462,A
110463,A
110464,A
110465,A
110466,A
110467,A
110468,A
110469,A
110470,A
110471,A
110472,A
110473,A
110474,A
110475,A
110476,A
110477,A
110478,A
110479,A
110480,A
110481,A
110482,A
110483,A
110484,A
110485,A
110486,A
110487,A
110488,A
110489,A
110490,A
110491,A
110492,A
110493,A
110494,A
110495,A
110496,A
110497,A
110498,A
110499,A
110500,A
110501,A
110502,A
110503,A
110504,A
110505,A
110506,A
110507,A
110508,A
110509,A
110510,A
110511,A
110512,A
110513,A
110514,A
110515,A
110516,A
110517,A
110518,A
110519,A
110520,A
110521,A
110522,A
110523,A
110524,A
110525,A
110526,A
110527,A
110528,A
110529,A
110530,A
110531,A
110532,A
110533,A
110534,A
110535,A
110536,A
110537,A
110538,A
110539,A
110540,A
110541,A
110542,A
110543,A
110544,A
110545,A
110546,A
110547,A
110548,A
110549,A
110550,A
110551,A
110552,A
110553,A
110554,A
110555,A
110556,A
110557,A
110558,A
110559,A
110560,A
110561,A
110562,A
110563,A
110564,A
110565,A
110566,A
110567,A
110568,A
110569,A
110570,A
110571,A
110572,A
110573,A
110574,A
110575,A
110576,A
110577,A
110578,A
110579,A
110580,A
110581,A
110582,A
110583,A
110584,A
110585,A
110586,A
110587,A
110588,A
110589,A
110590,A
110591,A
110592,A
110593,A
110594,A
110595,A
110596,A
110597,A
110598,A
110599,A
110600,A
110601,A
110602,A
110603,A
110604,A
110605,A
110606,A
110607,A
110608,A
110609,A
110610,A
110611,A
110612,A
110613,A
110614,A
110615,A
110616,A
110617,A
110618,A
110619,A
110620,A
110621,A
110622,A
110623,A
110624,A
110625,A
110626,A
110627,A
110628,A
110629,A
110630,A
110631,A
110632,A
